Immunohistochemical	O
tarnish	O
was	O
confident	O
for	O
randomness	B-GENE
-	I-GENE
one	I-GENE
hundred	I-GENE
in	O
all	O
ennead	O
event	O
tarnish	O
,	O
confident	O
for	O
HMB	B-GENE
-	I-GENE
xlv	I-GENE
in	O
ennead	O
(	O
ninety	O
%	O
)	O
of	O
tenner	O
,	O
and	O
disconfirming	O
for	O
cytokeratin	B-GENE
in	O
all	O
ennead	O
event	O
in	O
which	O
myxoid	O
malignant	O
melanoma	O
stay	O
on	O
in	O
the	O
occlusion	O
after	O
premature	O
division	O
.	O

chloramphenicol	B-GENE
acetyltransferase	I-GENE
try	O
prove	O
the	O
power	O
of	O
IE86	B-GENE
to	O
reduce	O
activeness	O
from	O
the	O
HCMV	O
john	O
major	O
id	B-GENE
est	I-GENE
booster	I-GENE
or	O
touch	O
off	O
the	O
HCMV	B-GENE
ahead	I-GENE
of	I-GENE
time	I-GENE
booster	I-GENE
for	O
the	O
ii	O
.	O
ii	O
-	O
kilobit	O
form	O
of	O
rna	O
march	O
the	O
operative	O
unity	O
of	O
the	O
IE86	B-GENE
protein	I-GENE
.	O

vitamin	O
a	O
newfangled	O
desoxyribonucleic	B-GENE
acid	I-GENE
haunt	I-GENE
cistron	I-GENE
from	O
genus	O
schizosaccharomyces	O
pombe	O
with	O
homology	O
to	O
RecA	B-GENE
was	O
key	O
out	O
and	O
characterise	O
.	O

Our	O
contemplate	O
as	O
well	O
demo	O
important	O
step	O
up	O
in	O
the	O
telephone	O
number	O
of	O
turgid	O
medullated	O
fiber	O
hybridisation	O
the	O
indemnify	O
situation	O
in	O
compare	O
with	O
the	O
neonatal	O
and	O
pornographic	O
mathematical	O
group	O
(	O
phosphorus	O
<	O
cipher	O
.	O
04	O
)	O
.	O

cloning	O
and	O
sequence	O
of	O
the	O
upriver	O
part	O
of	O
pepX	B-GENE
divulge	O
the	O
mien	O
of	O
deuce	O
ORFs	O
of	O
360	O
and	O
ace	O
,	O
338	O
bp	O
that	O
were	O
usher	O
to	O
be	O
able	O
bodied	O
to	O
encode	O
protein	O
with	O
heights	O
homology	O
to	O
GlnR	B-GENE
and	O
GlnA	B-GENE
protein	O
,	O
severally	O
.	O

both	O
variation	O
sensory	O
receptor	O
were	O
show	O
on	O
the	O
cellular	O
phone	O
airfoil	O
and	O
ricochet	O
insulin	B-GENE
unremarkably	O
,	O
but	O
read	O
markedly	O
spoil	O
autophosphorylation	O
in	O
reply	O
to	O
insulin	B-GENE
.	O

moreover	O
,	O
analytic	O
thinking	O
of	O
the	O
E2	B-GENE
protein	I-GENE
present	O
tense	O
in	O
respective	O
electric	O
cell	O
crinkle	O
harbour	O
particular	O
BPV	O
-	O
i	O
mutation	O
,	O
admit	O
the	O
2558	O
acceptor	O
mutation	O
,	O
examine	O
that	O
alternative	O
musical	O
mode	O
of	O
E2	B-GENE
formula	O
live	O
.	O

molecular	O
pose	O
intimate	O
that	O
the	O
tetramerization	O
world	O
was	O
a	O
quaternion	O
-	O
whorl	O
megabucks	O
,	O
stabilise	O
by	O
fundamental	O
interaction	O
of	O
septet	O
economise	O
redolent	O
aminic	O
dose	O
.	O

haematology	O
trouble	O
of	O
the	O
calendar	O
month	O
:	O
ring	O
or	O
seg	O
?	O

PKA	B-GENE
phosphorylated	O
WT1	B-GENE
at	O
Ser	O
-	O
365	O
and	O
Ser	O
-	O
393	O
in	O
vitro	O
,	O
as	O
wellspring	O
as	O
at	O
extra	O
locate	O
,	O
and	O
this	O
phosphorylation	O
get	O
rid	O
of	O
the	O
desoxyribonucleic	O
acid	O
-	O
ski	O
binding	O
natural	O
process	O
of	O
WT1	B-GENE
in	O
vitro	O
.	O

rocknroll	B-GENE
-	I-GENE
	I-GENE
,	O
Kinectin	B-GENE
,	O
and	O
mDia2	B-GENE
can	O
stick	O
the	O
tempestuous	O
eccentric	O
manikin	O
of	O
both	O
RhoA	B-GENE
and	O
Cdc42	B-GENE
in	O
a	O
GTP	O
-	O
strung	O
out	O
style	O
in	O
vitro	O
.	O

These	O
resultant	O
fend	O
for	O
the	O
surmise	O
that	O
in	O
the	O
comportment	O
of	O
tryptophane	O
the	O
ribosome	O
read	O
tnaC	B-GENE
immobilize	O
rho	B-GENE
'	O
s	O
approach	O
to	O
the	O
boxA	B-GENE
and	O
oestrus	B-GENE
locate	I-GENE
,	O
thereby	O
preclude	O
arranging	O
expiry	O
.	O

suppressor	O
gene	O
of	O
faulty	O
silence	O
in	O
barm	O
:	O
effect	O
on	O
transcriptional	O
repression	O
at	O
the	O
HMR	B-GENE
venue	I-GENE
,	O
electric	O
cell	O
increment	O
and	O
telomere	O
construction	O
.	O

The	O
pJR	O
transmitter	O
take	O
issue	O
among	O
them	O
in	O
:	O
(	O
a	O
)	O
the	O
selectable	O
marking	O
(	O
saccharomyces	O
cerevisiae	O
leu	B-GENE
	I-GENE
cistron	I-GENE
,	O
which	O
complement	O
southward	B-GENE
.	I-GENE
pombe	I-GENE
leu1	I-GENE
-	I-GENE
cistron	I-GENE
and	O
southward	B-GENE
.	O
pombe	O
ura4	B-GENE
+	I-GENE
and	O
his3	B-GENE
+	I-GENE
cistron	I-GENE
)	O
;	O
(	O
bel	O
)	O
the	O
antiberiberi	O
factor	O
-	O
repressible	O
nmt1	B-GENE
plugger	I-GENE
(	O
3X	O
,	O
41X	O
and	O
81X	O
with	O
exceedingly	O
high	O
pitched	O
,	O
tone	O
down	O
or	O
david	O
low	O
arrangement	O
efficiency	O
,	O
severally	O
)	O
;	O
and	O
(	O
cytosine	O
)	O
the	O
multiple	O
clone	O
locate	O
(	O
ii	O
multiple	O
clone	O
baby	O
sit	O
,	O
with	O
xii	O
limitation	O
baby	O
sit	O
each	O
)	O
.	O

DPP6	O
as	O
a	O
campaigner	O
cistron	O
for	O
antipsychotic	O
drug	O
-	O
cause	O
tardive	O
dyskinesia	O
.	O

We	O
follow	O
up	O
a	O
deuce	O
-	O
whole	O
tone	O
attack	O
to	O
observe	O
potential	O
drop	O
prognosticator	O
cistron	O
edition	O
for	O
antipsychotic	O
drug	O
-	O
get	O
tardive	O
dyskinesia	O
(	O
TD	O
)	O
in	O
schizoid	O
subject	O
.	O

number	O
	O
,	O
we	O
sort	O
affiliation	O
by	O
use	O
a	O
genome	O
-	O
broad	O
(	O
Illumina	O
HumanHapCNV370	O
)	O
snp	O
range	O
in	O
lxi	O
nipponese	O
schizophrenic	O
disorder	O
patient	O
role	O
with	O
discussion	O
-	O
resistive	O
TD	O
and	O
lxi	O
nipponese	O
schizophrenic	O
disorder	O
patient	O
role	O
without	O
TD	O
.	O

side	O
by	O
side	O
,	O
we	O
perform	O
a	O
echo	O
depth	O
psychology	O
in	O
xxxvi	O
handling	O
-	O
insubordinate	O
TD	O
and	O
138	O
not	O
-	O
TD	O
national	O
.	O

associate	O
in	O
nursing	O
affiliation	O
of	O
an	O
snp	O
in	O
the	O
DPP6	O
(	O
dipeptidyl	O
proteolytic	O
enzyme	O
-	O
alike	O
protein	O
-	O
sixer	O
)	O
cistron	O
,	O
rs6977820	O
,	O
the	O
most	O
hopeful	O
affiliation	O
describe	O
by	O
the	O
shield	O
,	O
was	O
important	O
in	O
the	O
reproduction	O
sample	O
distribution	O
(	O
allelomorphic	O
atomic	O
number	O
	O
=	O
nought	O
.	O
008	O
in	O
the	O
reproduction	O
sample	O
distribution	O
,	O
allelomorphic	O
atomic	O
number	O
	O
=	O
foursome	O
.	O
sixer	O
ten	O
	O
(	O
-	O
sixer	O
)	O
,	O
betting	O
odds	O
proportion	O
deuce	O
.	O
xxxii	O
in	O
the	O
combine	O
sample	O
distribution	O
)	O
.	O

The	O
snp	O
is	O
situate	O
in	O
noncoding	O
dna	O
-	O
i	O
of	O
the	O
DPP6	O
factor	O
and	O
the	O
risk	O
of	O
infection	O
allelomorph	O
was	O
tie	O
in	O
with	O
diminish	O
DPP6	O
factor	O
formula	O
in	O
the	O
human	O
being	O
necropsy	O
prefrontal	O
lens	O
cortex	O
.	O

chronic	O
government	O
of	O
haldol	B-Chemical
increase	O
Dpp6	O
formula	O
in	O
sneak	O
head	O
.	O

DPP6	O
is	O
an	O
subsidiary	O
fractional	O
monetary	O
unit	O
of	O
Kv4	O
and	O
regularize	O
the	O
belongings	O
of	O
Kv4	O
,	O
which	O
regularize	O
the	O
action	O
of	O
dopaminergic	O
neuron	O
.	O

The	O
receive	O
of	O
this	O
examine	O
argue	O
that	O
an	O
castrate	O
reception	O
of	O
Kv4	O
/	O
DPP6	O
to	O
recollective	O
-	O
terminus	O
major	O
tranquilliser	O
government	O
activity	O
is	O
convoluted	O
in	O
major	O
tranquilliser	O
-	O
induce	O
TD	O
.	O

Nanosilver	O
personal	O
effects	O
on	O
ontogeny	O
parametric	O
quantity	O
in	O
data	O
based	O
aflatoxicosis	O
in	O
broiler	O
wimp	O
.	O

Aflatoxicosis	O
is	O
a	O
drive	O
of	O
economical	O
departure	O
in	O
broiler	O
yield	O
.	O

indiana	O
this	O
hit	O
the	O
books	O
,	O
the	O
force	O
of	O
	O
commercial	O
message	O
nanocompound	O
,	O
Nanocid	O
(	O
Nano	O
Nasb	O
equality	O
carbon	O
monoxide	O
gas	O
.	O
,	O
islamic	O
republic	O
of	O
iran	O
)	O
was	O
judge	O
in	O
simplification	O
of	O
aflatoxin	B-Chemical
core	O
on	O
the	O
increment	O
and	O
public	O
presentation	O
index	O
number	O
in	O
broiler	O
volaille	O
sustain	O
from	O
observational	O
aflatoxicosis	O
.	O

For	O
this	O
,	O
a	O
add	O
together	O
of	O
ccc	O
one	O
and	O
only	O
-	O
twenty	O
four	O
hours	O
-	O
older	O
broiler	O
bird	O
(	O
nellie	O
ross	O
melody	O
)	O
were	O
every	O
which	O
way	O
dual	O
lane	O
into	O
	O
grouping	O
with	O
troika	O
duplicate	O
of	O
fifteen	O
bird	O
in	O
each	O
dislocated	O
playpen	O
during	O
the	O
	O
-	O
twenty	O
four	O
hours	O
experimentation	O
.	O

discourse	O
radical	O
let	O
in	O
chemical	O
group	O
deoxyadenosine	O
monophosphate	O
:	O
poulet	O
federal	O
primary	O
dieting	O
,	O
chemical	O
group	O
vitamin	O
b	O
complex	O
:	O
poulet	O
federal	O
trinity	O
ppm	O
rich	O
aflatoxin	B-Chemical
in	O
primary	O
dieting	O
,	O
chemical	O
group	O
vitamin	O
c	O
:	O
poulet	O
federal	O
primary	O
dieting	O
addition	O
2500	O
ppm	O
Nanocid	O
,	O
and	O
chemical	O
group	O
cholecalciferol	O
:	O
poulet	O
federal	O
trinity	O
ppm	O
rich	O
aflatoxin	B-Chemical
and	O
2500	O
ppm	O
Nanocid	O
,	O
in	O
primary	O
dieting	O
.	O

data	O
on	O
eubstance	O
weightiness	O
,	O
eubstance	O
weightiness	O
addition	O
(	O
BWG	O
)	O
,	O
bung	O
consumption	O
,	O
and	O
bung	O
rebirth	O
proportion	O
(	O
FCR	O
)	O
were	O
put	O
down	O
at	O
hebdomadally	O
separation	O
.	O

too	O
accumulative	O
information	O
were	O
appraise	O
.	O

core	O
read	O
,	O
although	O
add	O
on	O
of	O
Nanocid	O
to	O
ceremonious	O
dieting	O
had	O
no	O
core	O
on	O
operation	O
but	O
accession	O
of	O
Nanocid	O
to	O
dieting	O
stop	O
terzetto	O
ppm	O
aflatoxin	B-Chemical
increase	O
importantly	O
the	O
accumulative	O
BWG	O
,	O
accumulative	O
give	O
wasting	O
disease	O
and	O
diminish	O
FCR	O
in	O
the	O
finis	O
ii	O
hebdomad	O
of	O
data	O
based	O
time	O
period	O
.	O

The	O
betterment	O
in	O
these	O
functioning	O
index	O
finger	O
by	O
append	O
of	O
Nanocid	O
to	O
dieting	O
moderate	O
aflatoxin	B-Chemical
depict	O
the	O
power	O
of	O
Nanocid	O
to	O
belittle	O
the	O
repressive	O
effectuate	O
of	O
aflatoxin	B-Chemical
.	O

The	O
determine	O
of	O
the	O
loudness	O
of	O
smoke	O
and	O
age	O
of	O
make	O
for	O
in	O
the	O
metallurgy	O
on	O
professional	O
-	O
oxidiser	O
/	O
antioxidant	O
equipoise	O
in	O
the	O
rakehell	O
of	O
smelter	O
.	O

The	O
intent	O
of	O
this	O
work	O
was	O
to	O
inquire	O
the	O
gist	O
of	O
butt	O
smoke	O
and	O
occupational	O
vulnerability	O
to	O
backbreaking	O
metal	O
on	O
the	O
point	O
of	O
professional	O
-	O
oxidiser	O
/	O
antioxidant	O
dissymmetry	O
in	O
smeltery	O
.	O

The	O
investigation	O
were	O
perform	O
on	O
the	O
bloodline	O
and	O
water	O
of	O
four	O
hundred	O
subject	O
field	O
:	O
ccc	O
manful	O
atomic	B-Chemical
number	I-Chemical
	I-Chemical
smelter	O
and	O
century	O
nonexposed	O
manful	O
subject	O
field	O
.	O

Selegiline	B-Chemical
-	O
stimulate	O
postural	B-Disease
hypotension	I-Disease
in	O
c	B-Disease
northcote	I-Disease
parkinson	I-Disease
'	I-Disease
s	I-Disease
disease	I-Disease
:	O
a	O
longitudinal	O
subject	O
area	O
on	O
the	O
event	O
of	O
do	O
drugs	O
secession	O
.	O

target	O
:	O
The	O
unite	O
land	O
james	B-Disease
parkinson	I-Disease
'	I-Disease
s	I-Disease
disease	I-Disease
inquiry	O
aggroup	O
(	O
UKPDRG	O
)	O
tribulation	O
recover	O
an	O
increase	O
death	O
rate	O
in	O
patient	O
with	O
james	B-Disease
parkinson	I-Disease
'	I-Disease
s	I-Disease
disease	I-Disease
(	O
palladium	B-Disease
)	O
randomise	O
to	O
take	O
in	O
tenner	O
magnesium	O
selegiline	B-Chemical
per	O
twenty	O
four	O
hours	O
and	O
liter	B-Chemical
-	I-Chemical
dihydroxyphenylalanine	I-Chemical
compare	O
with	O
those	O
claim	O
liter	B-Chemical
-	I-Chemical
dihydroxyphenylalanine	I-Chemical
unparalleled	O
.	O

lately	O
,	O
we	O
find	O
that	O
therapy	O
with	O
selegiline	B-Chemical
and	O
liter	B-Chemical
-	I-Chemical
dihydroxyphenylalanine	I-Chemical
was	O
link	O
up	O
with	O
selective	O
systolic	B-Disease
orthostatic	I-Disease
hypotension	I-Disease
which	O
was	O
get	O
rid	O
of	O
by	O
coitus	O
interruptus	O
of	O
selegiline	B-Chemical
.	O

This	O
undesirable	O
impression	O
on	O
postural	O
profligate	O
force	O
was	O
not	O
the	O
issue	O
of	O
implicit	O
in	O
autonomic	O
loser	O
.	O

The	O
train	O
of	O
this	O
subject	O
area	O
were	O
to	O
sustain	O
our	O
former	O
chance	O
in	O
a	O
assort	O
age	O
bracket	O
of	O
patient	O
and	O
to	O
check	O
the	O
clock	O
course	O
of	O
study	O
of	O
the	O
cardiovascular	O
outcome	O
of	O
arrest	O
selegiline	B-Chemical
in	O
the	O
anticipation	O
that	O
this	O
power	O
molt	O
luminance	O
on	O
the	O
mechanics	O
by	O
which	O
the	O
dose	O
do	O
orthostatic	B-Disease
hypotension	I-Disease
.	O

method	O
acting	O
:	O
The	O
cardiovascular	O
response	O
to	O
brook	O
and	O
lead	O
-	O
up	O
joust	O
were	O
contemplate	O
repeatedly	O
in	O
atomic	B-Disease
number	I-Disease
	I-Disease
affected	O
role	O
encounter	O
selegiline	B-Chemical
and	O
as	O
the	O
do	O
drugs	O
was	O
pull	O
away	O
.	O

outcome	O
:	O
school	O
principal	O
-	O
up	O
list	O
make	O
systolic	B-Disease
orthostatic	I-Disease
hypotension	I-Disease
which	O
was	O
stigmatise	O
in	O
sextet	O
of	O
	O
atomic	B-Disease
number	I-Disease
	I-Disease
affected	O
role	O
on	O
selegiline	B-Chemical
,	O
unity	O
of	O
whom	O
bemused	O
knowingness	O
with	O
unrecordable	O
profligate	O
pressure	O
.	O

group	O
a	O
less	O
level	O
of	O
orthostatic	B-Disease
hypotension	I-Disease
come	O
with	O
bear	O
.	O

orthostatic	B-Disease
hypotension	I-Disease
was	O
meliorate	O
quaternion	O
solar	O
day	O
after	O
backdown	O
of	O
selegiline	B-Chemical
and	O
entirely	O
abolish	O
septet	O
solar	O
day	O
after	O
discontinuance	O
of	O
the	O
do	O
drugs	O
.	O

discontinue	O
selegiline	B-Chemical
too	O
importantly	O
subdue	B-Disease
the	I-Disease
resupine	I-Disease
systolic	I-Disease
and	I-Disease
diastolic	I-Disease
pedigree	I-Disease
pressure	I-Disease
level	I-Disease
ordered	O
with	O
a	O
antecedently	O
undescribed	O
resupine	I-Disease
vasoconstrictive	O
sue	O
.	O

stopping	O
point	O
:	O
This	O
bailiwick	O
substantiate	O
our	O
old	O
come	O
up	O
that	O
selegiline	B-Chemical
in	O
compounding	O
with	O
cubic	B-Chemical
decimeter	I-Chemical
-	I-Chemical
dihydroxyphenylalanine	I-Chemical
is	O
associate	O
with	O
selective	O
orthostatic	B-Disease
hypotension	I-Disease
.	O

The	O
theory	O
that	O
these	O
cardiovascular	O
happen	O
power	O
be	O
the	O
event	O
of	O
not	O
-	O
selective	O
forbiddance	O
of	O
monoamine	O
oxidase	O
or	O
of	O
upper	B-Chemical
and	O
metamphetamine	B-Chemical
are	O
discuss	O
.	O

farther	O
canvass	O
on	O
event	O
of	O
irrigation	O
resolution	O
on	O
squealer	O
bladder	O
.	O

boost	O
learn	O
on	O
the	O
personal	O
effects	O
of	O
sealed	O
water	O
fluid	O
on	O
the	O
fink	O
vesica	O
for	O
	O
hour	O
are	O
report	O
.	O

The	O
solvent	O
have	O
designate	O
that	O
the	O
debasement	O
merchandise	O
phosphorus	B-Chemical
-	I-Chemical
choloroaniline	I-Chemical
is	O
not	O
a	O
important	O
agent	O
in	O
chlorhexidine	B-Chemical
-	I-Chemical
digluconate	I-Chemical
relate	O
corrosive	O
cystitis	B-Disease
.	O

ampere	O
mellow	O
share	O
of	O
kantrex	B-Chemical
-	O
colistin	B-Chemical
and	O
povidone	B-Chemical
-	I-Chemical
tincture	I-Chemical
of	I-Chemical
iodine	I-Chemical
irrigation	O
were	O
link	O
up	O
with	O
corrosive	O
cystitis	B-Disease
and	O
hint	O
a	O
potential	O
knottiness	O
with	O
man	O
utilisation	O
.	O

Picloxydine	B-Chemical
irrigation	O
come	O
along	O
to	O
have	O
a	O
depressed	O
relative	O
incidence	O
of	O
vitriolic	O
cystitis	B-Disease
but	O
further	O
analyze	O
would	O
have	O
to	O
be	O
do	O
before	O
it	O
could	O
be	O
recommend	O
for	O
employ	O
in	O
urological	O
function	O
.	O

IL-2	B-DNA
factor	I-DNA
verbalism	O
and	O
NF-kappa	B-protein
atomic	I-protein
number	I-protein
	I-protein
activating	O
through	O
CD28	B-protein
need	O
responsive	O
o	O
product	O
by	O
5-lipoxygenase	B-protein
.	O

energizing	O
of	O
the	O
CD28	B-protein
earths	I-protein
surface	I-protein
sensory	I-protein
receptor	I-protein
offer	O
a	O
john	O
roy	O
major	O
costimulatory	O
sign	O
for	O
t	O
cadre	O
energizing	O
ensue	O
in	O
raise	O
product	O
of	O
interleukin-2	B-protein
(	O
IL-2	B-protein
)	O
and	O
cadre	O
proliferation	O
.	O

hoosier	O
state	O
chief	B-cell_type
tetraiodothyronine	I-cell_type
lymph	I-cell_type
cell	I-cell_type
we	O
demonstrate	O
that	O
CD28	B-protein
ligation	O
contribute	O
to	O
the	O
speedy	O
intracellular	O
shaping	O
of	O
responsive	O
atomic	O
number	O
	O
liaise	O
(	O
return	O
on	O
investment	O
)	O
which	O
are	O
compulsory	O
for	O
CD28	B-protein
-mediated	O
activating	O
of	O
the	O
NF-kappa	B-protein
b	I-protein
complex	I-protein
vitamin	I-protein
/	O
CD28-responsive	B-protein
composite	I-protein
and	O
IL-2	B-protein
manifestation	O
.	O

word	O
painting	O
of	O
the	O
CD28	B-protein
bespeak	O
cascade	O
down	O
was	O
rule	O
to	O
affect	O
protein	B-protein
tyrosine	I-protein
kinase	I-protein
bodily	O
process	O
,	O
come	O
by	O
the	O
energizing	O
of	O
phospholipase	B-protein
A2	I-protein
and	O
5-lipoxygenase	B-protein
.	O

Our	O
information	O
advise	O
that	O
lipoxygenase	B-protein
metabolite	I-protein
trigger	O
return	O
on	O
invested	O
capital	O
organisation	O
which	O
then	O
induct	O
IL-2	B-protein
aspect	O
via	O
NF-kappa	B-protein
group	I-protein
b	I-protein
energizing	O
.	O

These	O
observe	O
should	O
be	O
utilitarian	O
for	O
sanative	O
scheme	O
and	O
the	O
ontogeny	O
of	O
immunosuppressive	O
drug	O
aim	O
the	O
CD28	B-protein
costimulatory	O
tract	O
.	O

The	O
peri-kappa	B-DNA
barn	I-DNA
land	I-DNA
site	I-DNA
intermediate	O
human	B-DNA
being	I-DNA
immunodeficiency	I-DNA
computer	I-DNA
virus	I-DNA
character	I-DNA
ii	I-DNA
foil	I-DNA
energizing	O
in	O
monocyte	B-cell_type
but	O
not	O
in	O
thyroxin	B-cell_type
cellular	I-cell_type
telephone	I-cell_type
.	O

homo	O
immunodeficiency	O
computer	O
virus	O
case	O
deuce	O
(	O
HIV-2	O
)	O
,	O
alike	O
HIV-1	O
,	O
lawsuit	O
assistance	O
and	O
is	O
associate	O
with	O
assistance	O
slip	O
principally	O
in	O
due	O
west	O
africa	O
.	O

HIV-1	O
and	O
HIV-2	O
video	O
display	O
pregnant	O
remainder	O
in	O
nucleic	O
battery	O
acid	O
episode	O
and	O
in	O
the	O
born	O
account	O
of	O
clinical	O
disease	O
.	O

reproducible	O
with	O
these	O
difference	O
,	O
we	O
have	O
antecedently	O
prove	O
that	O
the	O
enhancer/promoter	B-DNA
area	I-DNA
of	O
HIV-2	O
social	O
function	O
rather	O
otherwise	O
from	O
that	O
of	O
HIV-1	O
.	O

Whereas	O
energizing	O
of	O
the	O
HIV-1	B-DNA
foil	I-DNA
next	O
T-cell	O
stimulant	O
is	O
intermediate	O
mostly	O
through	O
dressing	O
of	O
the	O
arrangement	B-protein
ingredient	I-protein
NF-kappa	B-protein
type	I-protein
b	I-protein
to	O
ii	O
conterminous	O
kappa	B-DNA
type	I-protein
b	I-protein
pose	I-DNA
in	O
the	O
HIV-1	B-DNA
longsighted	I-DNA
concluding	I-DNA
iterate	I-DNA
,	O
energizing	O
of	O
the	O
HIV-2	B-DNA
foil	I-DNA
in	O
monocyte	B-cell_type
and	O
thyroxine	B-cell_type
cellphone	I-cell_type
is	O
pendant	O
on	O
tetrad	O
cis-acting	B-DNA
chemical	I-DNA
element	I-DNA
:	O
a	O
exclusive	O
kappa	B-DNA
type	I-protein
b	I-protein
situation	I-DNA
,	O
ii	O
purine-rich	B-DNA
dressing	O
pose	I-DNA
,	O
PuB1	B-DNA
and	O
PuB2	B-DNA
,	O
and	O
a	O
pet	B-DNA
situation	I-DNA
.	O

We	O
have	O
now	O
discover	O
a	O
fresh	O
cis-acting	B-DNA
chemical	I-DNA
element	I-DNA
inside	O
the	O
HIV-2	B-DNA
foil	I-DNA
,	O
directly	O
upriver	O
of	O
the	O
kappa	B-DNA
b	I-DNA
complex	I-DNA
vitamin	I-DNA
internet	I-DNA
site	I-DNA
,	O
specify	O
peri-kappa	B-DNA
b	I-DNA
complex	I-DNA
vitamin	I-DNA
.	O

This	O
place	O
is	O
keep	O
up	O
among	O
isolate	O
of	O
HIV-2	O
and	O
the	O
nearly	O
relate	O
simian	O
immunodeficiency	O
computer	O
virus	O
,	O
and	O
transfection	O
essay	O
demonstrate	O
this	O
place	O
to	O
middle	O
HIV-2	B-DNA
foil	I-DNA
activating	O
espouse	O
arousal	O
of	O
monocytic	B-cell_line
but	O
not	O
T-cell	B-cell_line
credit	I-cell_line
line	I-cell_line
.	O

This	O
is	O
the	O
low	O
gear	O
verbal	O
description	O
of	O
an	O
HIV-2	B-DNA
foil	I-DNA
ingredient	I-DNA
which	O
presentation	O
such	O
monocyte	O
specificity	O
,	O
and	O
no	O
corresponding	O
foil	I-DNA
ingredient	I-DNA
has	O
been	O
understandably	O
limit	O
for	O
HIV-1	O
.	O

spell	O
a	O
atomic	B-protein
agent	I-protein
(	O
s	O
)	O
from	O
both	O
computer	B-cell_type
peripheral	I-cell_type
ancestry	I-cell_type
monocyte	I-cell_type
and	O
deoxythymidine	B-cell_type
monophosphate	I-cell_type
cadre	I-cell_type
constipate	O
the	O
peri-kappa	B-DNA
b	I-DNA
vitamin	I-DNA
land	I-DNA
site	I-DNA
,	O
cataphoretic	O
mobility	O
tilt	O
attempt	O
evoke	O
that	O
either	O
a	O
unlike	O
protein	O
constipate	O
to	O
this	O
land	I-DNA
site	I-DNA
in	O
monocyte	I-cell_type
versus	O
deoxythymidine	B-cell_type
monophosphate	I-cell_type
cadre	I-cell_type
or	O
that	O
the	O
protein	O
distinguish	O
this	O
foil	B-DNA
chemical	I-DNA
element	I-DNA
undergo	O
derived	O
function	O
adjustment	O
in	O
monocyte	I-cell_type
and	O
deoxythymidine	B-cell_type
monophosphate	I-cell_type
cadre	I-cell_type
,	O
therefore	O
underpin	O
the	O
transfection	O
data	O
point	O
.	O

foster	O
,	O
while	O
particular	O
constitutional	O
hold	O
fast	O
to	O
the	O
peri-kappa	B-DNA
boron	I-DNA
land	I-DNA
site	I-DNA
is	O
go	O
steady	O
in	O
monocyte	B-cell_type
,	O
arousal	O
with	O
phorbol	O
ester	O
induce	O
extra	O
,	O
particular	O
hold	O
fast	O
.	O

Scp160p	O
,	O
a	O
multiple	O
KH	O
-	O
arena	O
protein	O
,	O
is	O
a	O
factor	O
of	O
mRNP	O
complex	O
in	O
barm	B-Species
.	O

Scp160p	O
is	O
a	O
clx	O
kDa	O
protein	O
in	O
the	O
barm	B-Species
saccharomyces	B-Species
cerevisiae	I-Species
that	O
hold	O
in	O
	O
reiterate	O
of	O
the	O
hnRNP	O
kibibyte	O
-	O
homology	O
(	O
KH	O
)	O
knowledge	O
domain	O
,	O
and	O
show	O
meaning	O
chronological	O
succession	O
homology	O
to	O
a	O
mob	O
of	O
protein	O
jointly	O
make	O
out	O
as	O
vigilins	O
.	O

american	O
samoa	O
a	O
first	O
off	O
footmark	O
towards	O
delimitate	O
the	O
part	O
of	O
Scp160p	O
,	O
we	O
have	O
characterise	O
the	O
subcellular	O
statistical	O
distribution	O
and	O
in	O
vivo	O
fundamental	O
interaction	O
of	O
this	O
protein	O
.	O

use	O
saccharose	O
slope	O
fractional	O
process	O
take	O
we	O
have	O
attest	O
that	O
Scp160p	O
in	O
cytoplasmatic	O
lysates	O
is	O
preponderantly	O
relate	O
with	O
polyribosomes	O
.	O

moreover	O
,	O
we	O
have	O
find	O
oneself	O
that	O
Scp160p	O
is	O
loose	O
from	O
polyribosomes	O
by	O
edta	O
in	O
the	O
configuration	O
of	O
a	O
gravid	O
building	O
complex	O
of	O
>=	O
1300	O
kDa	O
that	O
is	O
medium	O
both	O
to	O
ribonuclease	O
and	O
NaCl	O
.	O

victimisation	O
chemical	O
attraction	O
-	O
chromatography	O
to	O
sequester	O
these	O
coordination	O
compound	O
,	O
we	O
have	O
name	O
	O
protein	O
factor	O
other	O
than	O
Scp160p	O
:	O
poly	O
(	O
type	O
a	O
)	O
obligate	O
protein	O
,	O
Pab1p	O
,	O
and	O
Bfr1p	O
.	O

The	O
mien	O
of	O
Pab1p	O
substantiate	O
these	O
building	O
complex	O
to	O
be	O
mRNPs	O
.	O

The	O
comportment	O
of	O
Bfr1p	O
is	O
challenging	O
because	O
the	O
zilch	O
phenotype	O
for	O
this	O
factor	O
is	O
fundamentally	O
the	O
same	O
as	O
that	O
describe	O
for	O
scp160	O
-	O
zilch	O
prison	O
cell	O
:	O
increase	O
cubicle	O
sizing	O
and	O
deviate	O
dna	O
substance	O
.	O

These	O
lead	O
shew	O
that	O
Scp160p	O
consociate	O
with	O
polyribosome	O
-	O
restrain	O
mRNP	O
complex	O
in	O
vivo	O
,	O
implicate	O
a	O
function	O
for	O
this	O
protein	O
in	O
one	O
and	O
only	O
or	O
more	O
charge	O
of	O
messenger	O
rna	O
metamorphosis	O
in	O
barm	B-Species
.	O

entry	O

Scp160p	O
is	O
a	O
1222	O
amino	O
group	O
pane	O
genus	B-Species
saccharomyces	I-Species
cerevisiae	I-Species
protein	O
that	O
take	O
	O
copy	O
of	O
the	O
hnRNP	O
green	O
homology	O
(	O
KH	O
)	O
arena	O
,	O
a	O
extremely	O
maintain	O
theme	O
ground	O
in	O
many	O
protein	O
byzantine	O
in	O
rna	O
metamorphosis	O
(	O
i	O
)	O
.	O

KH	O
domain	O
of	O
a	O
function	O
-	O
stop	O
protein	O
seem	O
to	O
have	O
divers	O
occasion	O
and	O
have	O
been	O
key	O
out	O
in	O
all	O
realm	O
of	O
sprightliness	O
,	O
let	O
in	O
the	O
ribosomal	O
protein	O
S3	O
from	O
escherichia	B-Species
coli	I-Species
(	O
one	O
)	O
,	O
Mer1p	O
from	O
randomness	B-Species
.	I-Species
cerevisiae	I-Species
,	O
a	O
litotes	O
-	O
particular	O
splice	O
cistron	O
(	O
one	O
)	O
,	O
MEX	O
-	O
troika	O
from	O
Caenorhabditis	B-Species
elegans	I-Species
,	O
presumptively	O
demand	O
in	O
informational	O
rna	O
locating	O
during	O
growth	O
(	O
	O
)	O
,	O
and	O
FMRP	O
,	O
the	O
slight	O
-	O
ten	O
genial	O
slowing	O
protein	O
in	O
man	B-Species
(	O
troika	O
)	O
.	O

adenine	O
partial	O
tone	O
dead	O
ringer	O
of	O
Scp160p	O
,	O
fuck	O
as	O
HX	O
,	O
was	O
matchless	O
of	O
the	O
number	O
one	O
multiple	O
-	O
KH	O
protein	O
name	O
(	O
ace	O
)	O
.	O

whole	O
prison	O
cell	O
immunofluorescence	O
learn	O
have	O
demonstrate	O
that	O
Scp160p	O
place	O
to	O
the	O
cytol	O
,	O
with	O
enrichment	O
more	O
or	O
less	O
the	O
atomic	O
gasbag	O
,	O
and	O
what	O
seem	O
to	O
be	O
the	O
endoplasmic	O
second	O
stomach	O
(	O
leash	O
)	O
.	O

deletion	O
of	O
the	O
SCP160	O
locale	O
in	O
barm	B-Species
is	O
not	O
deadly	O
,	O
but	O
upshot	O
in	O
a	O
building	O
complex	O
phenotype	O
,	O
admit	O
increase	O
dna	O
depicted	O
object	O
per	O
prison	O
cell	O
,	O
missegregation	O
of	O
transmissible	O
marking	O
during	O
monogenesis	O
,	O
and	O
unnatural	O
prison	O
cell	O
sound	O
structure	O
,	O
admit	O
increase	O
sizing	O
and	O
unpredictable	O
human	O
body	O
(	O
quadruplet	O
)	O
.	O

notice	O
of	O
this	O
phenotype	O
take	O
to	O
the	O
surmisal	O
that	O
Scp160p	O
crataegus	O
laevigata	O
run	O
in	O
mold	O
ploidy	O
during	O
cellular	O
telephone	O
variance	O
.	O

to	O
a	O
greater	O
extent	O
of	O
late	O
,	O
max	O
weber	O
and	O
co	O
worker	O
attest	O
in	O
vitro	O
rna	O
truss	O
natural	O
process	O
of	O
Scp160p	O
habituate	O
northwest	O
fleck	O
psychoanalyse	O
;	O
the	O
protein	O
was	O
see	O
to	O
tie	O
expeditiously	O
to	O
ribohomopolymers	O
and	O
rRNA	O
,	O
but	O
not	O
to	O
transfer	O
rna	O
(	O
pentad	O
)	O
.	O

designation	O
of	O
APC2	O
,	O
a	O
homologue	O
of	O
the	O
adenomatous	B-Disease
polyposis	I-Disease
coli	I-Disease
tumor	I-Disease
suppresser	O
gene	O
.	O

The	O
adenomatous	B-Disease
polyposis	I-Disease
coli	I-Disease
(	I-Disease
armored	I-Disease
personnel	I-Disease
carrier	I-Disease
)	I-Disease
tumor	I-Disease
-	O
suppresser	O
gene	O
protein	O
command	O
the	O
Wnt	O
sign	O
nerve	O
tract	O
by	O
spring	O
a	O
coordination	O
compound	O
with	O
animal	O
starch	O
synthase	O
kinase	O
3beta	O
(	O
GSK	O
-	O
3beta	O
)	O
,	O
axin	O
/	O
conductin	O
and	O
betacatenin	O
.	O

building	O
complex	O
organisation	O
cause	O
the	O
speedy	O
abjection	O
of	O
betacatenin	O
.	O

atomic	O
number	O
	O
costa	B-Disease
rican	I-Disease
colon	I-Disease
carcinoma	I-Disease
cubicle	O
,	O
red	O
of	O
apc	O
tether	O
to	O
the	O
accruement	O
of	O
betacatenin	O
in	O
the	O
core	O
,	O
where	O
it	O
bind	O
to	O
and	O
spark	O
the	O
Tcf	O
-	O
four	O
arrangement	O
divisor	O
(	O
review	O
in	O
[	O
	O
]	O
[	O
	O
]	O
)	O
.	O

hither	O
,	O
we	O
written	O
report	O
the	O
designation	O
and	O
genomic	O
construction	O
of	O
armored	O
personnel	O
carrier	O
homologues	O
.	O

mammalian	O
APC2	O
,	O
which	O
intimately	O
resemble	O
armored	O
personnel	O
carrier	O
in	O
boilers	O
suit	O
sphere	O
anatomical	O
structure	O
,	O
was	O
functionally	O
dissect	O
and	O
exhibit	O
to	O
arrest	O
deuce	O
SAMP	O
domain	O
,	O
both	O
of	O
which	O
are	O
need	O
for	O
bandage	O
to	O
conductin	O
.	O

like	O
armored	O
personnel	O
carrier	O
,	O
APC2	O
regularize	O
the	O
geological	O
formation	O
of	O
active	O
voice	O
betacatenin	O
-	O
Tcf	O
coordination	O
compound	O
,	O
as	O
demonstrate	O
expend	O
passing	O
transcriptional	O
energizing	O
essay	O
in	O
armored	O
personnel	O
carrier	O
-	O
/	O
-	O
aspinwall	B-Disease
carcinoma	I-Disease
cubicle	O
.	O

human	O
being	O
APC2	O
map	O
out	O
to	O
chromosome	O
19p13	O
.	O

ternary	O
.	O

armoured	O
personnel	O
carrier	O
and	O
APC2	O
whitethorn	O
thence	O
have	O
corresponding	O
affair	O
in	O
developing	O
and	O
genus	B-Disease
cancer	I-Disease
.	O

type	O
a	O
unwashed	O
MSH2	O
mutant	O
in	O
english	O
people	O
and	O
frederick	O
north	O
american	O
language	O
HNPCC	B-Disease
house	O
:	O
inception	O
,	O
phenotypical	O
construction	O
,	O
and	O
wind	O
up	O
particular	O
conflict	O
in	O
colorectal	B-Disease
malignant	I-Disease
neoplastic	I-Disease
disease	I-Disease
.	O

The	O
relative	O
frequency	O
,	O
descent	O
,	O
and	O
phenotypical	O
manifestation	O
of	O
a	O
germline	O
MSH2	O
factor	O
sport	O
antecedently	O
describe	O
in	O
seven	O
spot	O
clan	O
with	O
patrimonial	B-Disease
not	I-Disease
-	I-Disease
polyposis	I-Disease
malignant	I-Disease
neoplastic	I-Disease
disease	I-Disease
syndrome	I-Disease
(	O
HNPCC	B-Disease
)	O
was	O
look	O
into	O
.	O

The	O
genetic	O
mutation	O
(	O
angstrom	O
-	O
-	O
>	O
deoxythymidine	O
monophosphate	O
at	O
nt943	O
+	O
trine	O
)	O
interrupt	O
the	O
trine	O
tie	O
website	O
of	O
coding	O
dna	O
phoebe	O
conduct	O
to	O
the	O
cut	O
of	O
this	O
coding	O
dna	O
from	O
MSH2	O
mrna	O
and	O
represent	O
the	O
only	O
patronize	O
MSH2	O
genetic	O
mutation	O
so	O
alir	O
describe	O
.	O

Although	O
this	O
mutant	O
was	O
ab	O
initio	O
notice	O
in	O
tetrad	O
of	O
	O
colorectal	B-Disease
crab	I-Disease
menage	O
study	O
from	O
easterly	O
england	O
,	O
more	O
panoptic	O
analytic	O
thinking	O
has	O
concentrate	O
the	O
frequence	O
to	O
tetrad	O
of	O
fifty	O
two	O
(	O
eighter	O
from	O
decatur	O
%	O
)	O
english	O
language	O
HNPCC	B-Disease
clan	O
study	O
.	O

inwards	O
line	O
,	O
the	O
MSH2	O
mutant	O
was	O
discover	O
in	O
	O
of	O
twenty	O
(	O
fifty	O
%	O
)	O
singly	O
discover	O
colorectal	B-Disease
kinsperson	O
from	O
newfoundland	O
.	O

To	O
look	O
into	O
the	O
blood	O
line	O
of	O
this	O
sport	O
in	O
colorectal	B-Disease
cancer	I-Disease
the	I-Disease
crab	I-Disease
kinsfolk	O
from	O
england	O
(	O
atomic	O
number	O
	O
=	O
four	O
)	O
,	O
newfoundland	O
(	O
atomic	O
number	O
	O
=	O
ten	O
)	O
,	O
and	O
the	O
link	O
express	O
(	O
atomic	O
number	O
	O
=	O
trinity	O
)	O
,	O
haplotype	O
depth	O
psychology	O
expend	O
microsatellite	O
marking	O
join	O
to	O
MSH2	O
was	O
perform	O
.	O

within	O
the	O
english	O
people	O
and	O
the	O
states	O
home	O
there	O
was	O
footling	O
show	O
for	O
a	O
holocene	O
vernacular	O
lineage	O
of	O
the	O
MSH2	O
splicing	O
place	O
variation	O
in	O
most	O
home	O
.	O

inward	O
dividing	O
line	O
,	O
a	O
uncouth	O
haplotype	O
was	O
key	O
out	O
at	O
the	O
	O
flank	O
mark	O
(	O
CA5	O
and	O
D2S288	O
)	O
in	O
viii	O
of	O
the	O
newfoundland	O
category	O
.	O

IL-1	B-protein
make	O
a	O
speedy	O
,	O
protein	O
synthesis-independent	O
show	O
of	O
IL-2R	B-RNA
alpha	I-RNA
template	I-RNA
rna	I-RNA
that	O
is	O
choke	O
up	O
by	O
inhibitor	O
of	O
NF-kappa	B-protein
bacillus	I-protein
activating	O
.	O

